title,author,genre,start_date,end_date,year,page_count,audiobook
Introvert Advantage,,,,,,,
"Haters: Harassment, Abuse, and Violence Online",Bailey Poland,,,,,,
Fanocracy,David Meerman Scott,,,,,,
The Infinite Game,Simon Sinek,,,,,,
Out of Office,Charlie Warzel and Anne Helen Petersen,,,,,,
Why We Sleep,Matthew Walker,,,,,,
It Doesn't Have to Be Crazy at Work,Jason Fried and David Heinemeier Hansson,,,,,,
Springboard,G. Richard Shell,,,,,,
Outliers,Malcolm Gladwell,,,,,,
Lincoln on Leadership Today,Donald T. Phillips,,,,,,
Range,David Epstein,,,,,,
Buy-ology,Martin Lindstrom,,,,,,
Truth and Lies About Why We Buy,,,,,,,
Measure What Matters,John Doerr,,,,,,
The Book of Why,Judea Pearl & Dana Mackenzie,,,,,,
Ego Is the Enemy,Ryan Holiday,,,,,,
"Thinking, Fast and Slow",Daniel Kahneman,,,,,,
Spark,John J. Ratey,,,,,,
Million Dollar Habits,Stellan Moreira,,,,,,
Storyworthy,Matthew Dicks,,,,,,
Crucial Conversations,,,,,,,
Perfect,,,,,,,
The New Rational Manager,Charles Kepner,,,,,,
The River of Doubt: Theodore Roosevelts Darkest Journey,Candice Millard,,,,,,
12 Rules for Life,Jordan Peterson,,,,,,
Golf Is Not a Game of Perfect,Dr. Bob Rotella,,,,,,
Winning Ugly,Brad Gilbert and Steve Jamison,,,,,,
Rafa,Rafael Nadal and John Carlin,,,,,,
Mustang Miracle,Humberto G. Garcia,,,,,,
Factfulness,Hans Rosling,,,,,,
Sapiens,Yuval Noah Harari,,,,,,
Steal the Show,Michael Port,,,,,,
The Art of Teams,,,,,,,
Prediction Machines,,,,,,,
The Model Thinker,Scott E. Page,,,,,,
Payoff,Dan Ariely,,,,,,
The Practice of Statistics,,,,,,,
The Art of Statistics,David Spiegelhalter,,,,,,
Inside the Global Supply Chain,Peter Goodman,,,,,,
Teams of Teams,Stanley McChrystal,,,,,,
Becoming a Data Head,,,,,,,
The Art of Data Science,,,,,,,
How Successful People Think,,,,,,,
Rich Dad Poor Dad,Robert T. Kiyosaki,,,,,,
How to Day Trade for a Living,Dr. Andrew Aziz,,,,,,
Jordan Belfort Way of the Wolf,Jordan Belfort,,,,,,
Financial Freedom with Real Estate Investing,Michael Blank,,,,,,
Just Keep Buying,Nick Maggiulli,,,,,,
A Random Walk Down Wall Street,Burton G. Malkiel,,,,,,
Market Mover,Robert Greifeld,,,,,,
The Psychology of Money,Morgan Housel,,,,,,
Cryptoassets,,,,,,,
The Promise of Bitcoin,,,,,,,
The Turnaround Intelligence,Behnam Tabrizi,,,,,,
I Will Teach You to Be Rich,Ramit Sethi,,,,,,
The Intelligent Investor,Benjamin Graham,,,,,,
Think and Grow Rich,Napoleon Hill,,,,,,
The Denman Thesis: The Original MBA,,,,,,,
Life & Work,,,,,,,
Dalio Principles,Ray Dalio,,,,,,
Value Investing,,,,,,,
The Ultimate Day Trader,,,,,,,
the Richest Man in Babylon,George S Clason,,,,,,
StrengthsFinder 2.0,From Gallup,,,,,,
Wellth,Jason Wachob,,,,,,
The First-Time Manager,"Belker, McCormick, Topchik",,,,,,
Talent,Tyler Cowen and Daniel Gross,,,,,,
Billion Dollar Brand Club,Lawrence Ingrassia,,,,,,
American Icon,Bryce G. Hoffman,,,,,,
"Creativity, Inc.",Ed Catmull,,,,,,
What Color Is Your Parachute,,,,,,,
The Making of a Manager,Julie Zhao,,,,,,
The Proximity Principle,Ken Coleman,,,,,,
The Target Story,,,,,,,
Phil Knight Shoe Dog,Phil Knight,,,,,,
Working Backwards,Colin Bryar and Bill Carr,,,,,,
The Spotify Plan,,,,,,,
"The four: The Hidden DNA of Amazon, Apple, Facebook, and Google",,,,,,,
For the Culture,Marcus Collins,,,,,,
"It's Not What We Play, It's What We Are",,,,,,,
Life after Google,,,,,,,
The Airbnb Way,,,,,,,
Naked Statistics,Charles Wheelan,,,,,,
Weapons of Math Destruction,Cathy O'Neil,,,,,,
All You Can Pay,Anna Bernasek and D.T. Mongan,,,,,,
The AI Edge,Blount Iannarino,,,,,,
Tools and Weapons,Brad Smith and Carol Ann Browne,,,,,,
Analytics of Life,Mert Damlapinar,,,,,,
How Charts Lie,Alberto Cairo,,,,,,
Effective Data Storytelling,Dykes,,,,,,
Fooled by Randomness,Nassim Nicholas Taleb,,,,,,
The Data Detective,Tim Harford,,,,,,
Small Data,Martin Lindstrom,,,,,,
Superforecasting,Philip Tetlow,,,,,,
Leading with AI and Analytics,,,,,,,
The Data Science Handbook,,,,,,,
Hello World: Being Human in The Age of Algorithms,Hannah Fry,,,,,,
Predictably Irrational,Dan Ariely,,,,,,
The Wisdom of Crowds,,,,,,,
Ace the Data Science Interview,,,,,,,
The 4 Disciplines of Execution,,,,,,,
Extreme Ownership,,,,,,,
Atomic Habits,James Clear,,,,,,
Doesn't Hurt to Ask,Trey Gowdy,,,,,,
High Performance Habits,Brendon Burchard,,,,,,
The Startup of You,,,,,,,
I Talk Like Ted,,,,,,,
Simon Sinek Leaders Eat Last,Simon Sinek,,,,,,
Scott Adams Win Bigly,Scott Adams,,,,,,
How to Fail at Almost Everything and Still Win Big,,,,,,,
What Every Body Is Saying,Joe Navarro,,,,,,
So Good They Can't Ignore You,Cal Newport,,,,,,
Never Split the Difference,Chris Voss,,,,,,
The Obstacle Is the Way,Ryan Holiday,,,,,,
The One Thing,,,,,,,
Grit,Angela Duckworth,,,,,,
The Power of Habit,,,,,,,
The Secret Lives of Introverts,,,,,,,
Rise and Grind,Daymond John,,,,,,
Fifty Inventions That Shaped the Modern Economy,Tim Harford,,,,,,
Good Strategy Bad Strategy,,,,,,,
Side Hustle,Chris Guillebeau,,,,,,
How to talk to anyone,,,,,,,
The Long Game,Dorie Clark,,,,,,
The Miracle Morning,Hal Elrod,,,,,,
The Almanack of Naval Ravikant,Eric Jorgenson,,,,,,
Allen Carr's Quit Drinking,Allen Carr,,,,,,
The Subtle Art of Not Giving a F*ck,Mark Manson,,,,,,
Brain Rules,John Medina,,,,,,
Quiet,Susan Cain,,,,,,
Deep Work,Cal Newport,,,,,,
Digital Minimalism,Cal Newport,,,,,,
Digital Body Language,Erica Dhawan,,,,,,
Character Carved in Stone,,,,,,,
The Defining Decade,,,,,,,
The Power of Now,Eckhart Tolle,,,,,,
Leading with Heart,Coach K,,,,,,
Stillness Is the Key,Ryan Holiday,,,,,,
Unfu*k yourself,,,,,,,
The Happiness Advantage,Shawn Achor,,,,,,
Quaterlife Crisis,,,,,,,
The Energy Bus,Jon Gordon,,,,,,
Think Like a Rocket Scientist,Ozan Varol,,,,,,
The Alchemy of Air,Thomas Hager,,,,,,
Irresistible,Adam Alter,,,,,,
The Career Manifesto,Mike Steib,,,,,,
The Lean Startup,Eric Ries,,,,,,
Good Economics for Hard Times,,,,,,,
So you have been publically shamed,,,,,,,
Nudge,,,,,,,
Winners Never Cheat,,,,,,,
Expert Secrets,Russell Brunson,,,,,,
Contagious,Jonah Berger,,,,,,
Thinking in Bets,Annie Duke,,,,,,
the signal and the noise,Nate Silver,,,,,,
Five Stars The Communication Secrets from Good to Great,Carmine Gallo,,,,,,
The 50th Law,50 Cent,,,,,,
"Alchemy: The Dark Art in Brands, Business, and Life",Rory Sutherland,,,,,,
MoneyZen,Manisha Thakor,,,,,,
Tiny Experiments,Anne-Laure Le Cunff,,,,,,
How to Break 90,,,,,,,
The Fourth Turning,William Strauss & Neil Howe,,,,,,
The Great Game of Business,Jack Stack,,,,,,
Super Pumped,Mike Isaac,,,,,,
Bullshit Jobs,David Graeber,,,,,,
Powerful,Patty McCord,,,,,,
The Technological Republic,Alexander C. Karp,,,,,,
The Consumer Insights Revolution,"Steve Phillips, Ryan Barry, Stephan Gans, Kate Schardt",,,,,,
Filterworld,Kyle Chayka,,,,,,
Revenge of the Tipping Point,Malcolm Gladwell,,,,,,
The Alignment Problem,Brian Christian,,,,,,
The Culting of Brands,Douglas Atkin,,,,,,
Corporate Finance ASAP,John Cousins,,,,,,
The Dichotomy of Leadership,Jocko Willink and Leif Babin,,,,,,
Against the Gods: The Remarkable story of risk,Peter L. Bernstein,,,,,,
The Road Less Stupid,Keith J. Cunningham,,,,,,
How Not to Invest,Barry Ritholtz,,,,,,
Slow Productivity,Cal Newport,,,,,,
Skunk Works,Ben R. Rich,,,,,,
The StatQuest Illustrated Guide to Machine Learning,"Josh Starmer, PhD",,,,,,
The Ten-Day MBA,Steven Silbiger,,,,,,
"Humor, Seriously",,,,,,,
Everything is Predictable,Tom Chivers,,,,,,
Why Machines Learn,Anil Ananthaswamy,,,,,,
The Science of Self-Learning,Peter Hollins,,,,,,
Happier Hour,Cassie Holmes,,,,,,
Indistractable,Nir Eyal,,,,,,
The Mental Game,Dorie Donnelly,,,,,,
Better Small Talk,,,,,,,
Probably the Best Book On Statistics Ever Written,,,,,,,
Why Machines learn,Anil Ananthaswamy,machinelearning/math,after Christmas,early jan,2025,430,
The Mental Game,Darrin Donnelly,Golf/mental,early jan,mid jan,2025,251,
better small talk,Patrick King,Self Help/conversations,mid jan,mid jan,2025,212,
Bullshit Jobs,David Graeber,Jobs/Work,mid jan,early feb,2025,285,
The Science of Self-Learning,Peter Hollins,Self Help/learning,early feb,early feb,2025,190,
Zen Golf,Dr Joesph Parent,Golf/mental/how to approach the game,early feb,early feb,2025,199,
Powerful: Building a Culture of Freedom and Responsibility,Patty McCord,Netflix/HR/Teams/Business,early feb,13-Feb,2025,148,
Happier Hour,"Cassie Holmes, phD",Self Help/Time management/social science,14-Feb,18-Feb,2025,240,
The Fourth Turning,William Strauss & Neil Howe,History/Social Science,18-Feb,5-Mar,2025,334,
The Ten Day MBA,Steven Silbiger,Business/MBA,5-Mar,19-Mar,2025,397,
"Humor, Seriously",Jennifer Aaker & Naomi Bagdonas,Business/Self-Help,19-Mar,26-Mar,2025,227,
How the World Ran out of Everything,Peter S. Goodman,Business/Supply Chain/Global,31-Mar,11-Apr,2025,352,
The Great Game of Business,Jack Stack,Business,12-Apr,20-Apr-25,2025,361,
Super Pumped The Battle for Uber,Mike Issac,Uber/Business/Story-Telling,22-Apr,3-May,2025,351,
Probably the Best Book on Statistics Ever Written,Haim Shapira,Statistics/math,4-May,14-May,2025,272,
"The Technological Republic - Hard Power, Soft Belief, and the Future of the West",Alexander C. Karp & Nicholas W. Zamiska,business/technology,14-May,22-May,2025,218,
The Long Game: How to be a Long-Term Thinker in a Short-Term World,Dorie Clark,business/self-help/life,23-May,30-May,2025,209,
Everything is Predictable,Tom Chibers,Stats,2-Jun,6/16/25,2025,336,
"The AI Age - Save time, sell more, and crush the competition",Jeb Blount & Anthony Iannarino,Sales/AI/business,20-Jun,22-Jun,2025,266,
Tiny Experiments: How to live freely in a Goal-Obsessed World,Anne-Laure LeCunff,Self-help/business/pyschology,23-Jun,29-Jun,2025,237,
Filterworld: How Algorithms Flattened Culture,Kyle Chayka,"technology, recommendation, data",7-Jul,24-Jul,2025,280,
"Revenge of the Tipping Point: Overstories, Superspreaders, and the Rise of Social Engineering",Malcolm Gladwell,"social, pyschology",25-Jul,31-Jul,2025,304,
How to Break 90:  An Easy step by step Approach for breaking Golfs Toughest Scoring Barrier,T.J Tomasi and Mike Adams,"Golf, Sports",3-Aug,8-Aug,2025,181,
The Alignment Problem: Machibe Learning and Human Values,Brian Christian,Machine Learning,10-Aug,28-Aug,2025,329,
The Culting of Brands,Douglas Atkin,Marketing/business,1-Sep,10-Sep,2025,204,
Corporate Finance ASAP,John Cousins,Finance/business,11-Sep,16-Sep,2025,158,
The Dichotomy of Leadership,Jocko Willink and Leif Babin,Leadership/life/business,17-Sep,26-Sep,2025,285,
The Consumer Insights Revolution,"Steve Phillips, Ryan Barry, Stephan Gans, and Kate Schardt",Marketing/Data/analytics,27-Sep,3-Oct,2025,189,
Against the Gods: The Remarkable Story of Risk,Peter L. Bernstein,"risk, finance",4-Oct,21-Oct,2025,338,
The Road Less Stupid: Advice from the Chairman,Keith J. Cunningham,"business, mistakes, life",22-Oct,31-Oct,2025,265,
The Anxious Generation,Jonathan Haidt,Pyschology,1-Nov,20-Nov,2025,289,
How Not to Invest,Barry Ritholtz,"Finance, Investing",22-Nov,9-Dec,2025,447,
Slow Productivity,Cal Newport,"Self-help, productivity",12-Dec,24-Dec,2025,219,
Skunk Works,Ben R. Rich,"Military, True Story",25-Dec,31-Dec,2025,343,
Can't Hurt Me,David Goggins,"Miltary, Self-Help, Psychology",2-Jan,11-Jan,2026,356,
StatQuest: Illistrated Guide to Machine Learning,Josh Starmer,"Machine Learning, Data Science",12-Jan,19-Jan,2026,270,
"The AI-Driven Leader: Hanressing AI to Make Faster, Smarter Decisions",Geoff Woods,"AI, Business",19-Jan,25-Jan,2026,267,
Data Strategy,Bernard Marr,"AI, Data, Business, Strategy",26-Jan,6-Feb,2026,244,
Overwork Transforming the Daily Grind in the Quest for a Better Life,Brigid Schulte,"Work, Self-Help, Time Management",7-Feb,17-Feb,2026,291,
The 48 Laws of Power,Robert Greene,Self-Help,18-Feb,8-Mar,2026,430,
Golf Beneath the Surface: The New Science of Golf Psychology,Raymond Prior,"Golf, Psychology",9-Mar,19-Mar,2026,235,
The Supply Chain Revolution,Suman Sarkar,"Supply Chain, business",20-Mar,29-Mar,2026,209,
The Master Algorithm,Pedro Domingos,Machine Learning,12-Apr,21-Apr,2026,289,
the Untethered Soul:  the journey beyond yourself,Michael Singer,"Spiritual, Self-help",22-Apr,30-Apr,2026,181,
No More Mr Nice Guy,Robert Glover,"Self-Help, men",2-May,7-May,2026,204,
Chip War - The Fight for the World's  Most Critica; Technology,Chris Miller,"Informational, Tech, History",8-May,22-May,2026,364,
Making it In America: The Almost Impssible Quest to Manufacature in the USA,Rachel Slade,"Information, History, Manufacturing",23-May,1-Jun,2026,292,
Reset: How to Change What's Not Working,Dan Heath,"Self-Help,Business",2-Jun,11-Jun,2026,231,
The Unconguerable Game My Life in Golf and Business,Ely Callaway,"Business, Biography, Golf",12-Jun,24-Jun,2026,281,
Broken Supply Chains,Jeff Leimbach,"Business, Supply Chain",25-Jun,30-Jun,2026,208,
Endurance: Shackletons Incresible Voyage,Alfred Lansing,"Story,",2-Jul,9-Jul,2026,353,
Essentialism The Disciplined Pursuit of Less,Greg McKeown,"Self Help, Life, Mindset",10-Jul,19-Jul,2026,261,
How to Tell A Story,Many Authors,"Self Help, story",22-Jul,5-Aug,2026,282,
Secrets of Analytical Leaders,Wayne Eckerson,"Analytics, Data",6-Aug,14-Aug,2026,237,
The Misbehaveior of Markets,Benoit Mandelbrot & Richard Hudson,"Econ, Finance",16-Aug,6-Sept,2026,276,
Fortune's Formula,William Poundstone,"Stats, Finance",7-Sept,,2026,329,
Cancel Me if you Can,Dave Portnoy,biography,,,2026,,yes
Inside the Box: How Constraints Make Us Better,David Epstein,Business. life,,,2026,,yes