title,author,genre,start_date,end_date,year,page_count,audiobook,start_date_raw,end_date_raw
Introvert Advantage,,,,,,,False,,
"Haters: Harassment, Abuse, and Violence Online",Bailey Poland,,,,,,False,,
Fanocracy,David Meerman Scott,,,,,,False,,
The Infinite Game,Simon Sinek,,,,,,False,,
Out of Office,"Charlie Warzel, Anne Helen Petersen",,,,,,False,,
Why We Sleep,Matthew Walker,,,,,,False,,
It Doesn't Have to Be Crazy at Work,"Jason Fried, David Heinemeier Hansson",,,,,,False,,
Springboard,G. Richard Shell,,,,,,False,,
Outliers,Malcolm Gladwell,,,,,,False,,
Lincoln on Leadership Today,Donald T. Phillips,,,,,,False,,
Range,David Epstein,,,,,,False,,
Buy-ology,Martin Lindstrom,,,,,,False,,
Truth and Lies About Why We Buy,,,,,,,False,,
Measure What Matters,John Doerr,,,,,,False,,
The Book of Why,"Judea Pearl, Dana Mackenzie",,,,,,False,,
Ego Is the Enemy,Ryan Holiday,,,,,,False,,
"Thinking, Fast and Slow",Daniel Kahneman,,,,,,False,,
Spark,John J. Ratey,,,,,,False,,
Million Dollar Habits,Stellan Moreira,,,,,,False,,
Storyworthy,Matthew Dicks,,,,,,False,,
Crucial Conversations,,,,,,,False,,
Perfect,,,,,,,False,,
The New Rational Manager,Charles Kepner,,,,,,False,,
The River of Doubt: Theodore Roosevelts Darkest Journey,Candice Millard,,,,,,False,,
12 Rules for Life,Jordan Peterson,,,,,,False,,
Golf Is Not a Game of Perfect,Dr. Bob Rotella,,,,,,False,,
Winning Ugly,"Brad Gilbert, Steve Jamison",,,,,,False,,
Rafa,"Rafael Nadal, John Carlin",,,,,,False,,
Mustang Miracle,Humberto G. Garcia,,,,,,False,,
Factfulness,Hans Rosling,,,,,,False,,
Sapiens,Yuval Noah Harari,,,,,,False,,
Steal the Show,Michael Port,,,,,,False,,
The Art of Teams,,,,,,,False,,
Prediction Machines,,,,,,,False,,
The Model Thinker,Scott E. Page,,,,,,False,,
Payoff,Dan Ariely,,,,,,False,,
The Practice of Statistics,,,,,,,False,,
The Art of Statistics,David Spiegelhalter,,,,,,False,,
Inside the Global Supply Chain,Peter Goodman,,,,,,False,,
Teams of Teams,Stanley McChrystal,,,,,,False,,
Becoming a Data Head,,,,,,,False,,
The Art of Data Science,,,,,,,False,,
How Successful People Think,,,,,,,False,,
Rich Dad Poor Dad,Robert T. Kiyosaki,,,,,,False,,
How to Day Trade for a Living,Dr. Andrew Aziz,,,,,,False,,
Jordan Belfort Way of the Wolf,Jordan Belfort,,,,,,False,,
Financial Freedom with Real Estate Investing,Michael Blank,,,,,,False,,
Just Keep Buying,Nick Maggiulli,,,,,,False,,
A Random Walk Down Wall Street,Burton G. Malkiel,,,,,,False,,
Market Mover,Robert Greifeld,,,,,,False,,
The Psychology of Money,Morgan Housel,,,,,,False,,
Cryptoassets,,,,,,,False,,
The Promise of Bitcoin,,,,,,,False,,
The Turnaround Intelligence,Behnam Tabrizi,,,,,,False,,
I Will Teach You to Be Rich,Ramit Sethi,,,,,,False,,
The Intelligent Investor,Benjamin Graham,,,,,,False,,
Think and Grow Rich,Napoleon Hill,,,,,,False,,
The Denman Thesis: The Original MBA,,,,,,,False,,
Life & Work,,,,,,,False,,
Dalio Principles,Ray Dalio,,,,,,False,,
Value Investing,,,,,,,False,,
The Ultimate Day Trader,,,,,,,False,,
the Richest Man in Babylon,George S Clason,,,,,,False,,
StrengthsFinder 2.0,From Gallup,,,,,,False,,
Wellth,Jason Wachob,,,,,,False,,
The First-Time Manager,"Belker, McCormick, Topchik",,,,,,False,,
Talent,"Tyler Cowen, Daniel Gross",,,,,,False,,
Billion Dollar Brand Club,Lawrence Ingrassia,,,,,,False,,
American Icon,Bryce G. Hoffman,,,,,,False,,
"Creativity, Inc.",Ed Catmull,,,,,,False,,
What Color Is Your Parachute,,,,,,,False,,
The Making of a Manager,Julie Zhao,,,,,,False,,
The Proximity Principle,Ken Coleman,,,,,,False,,
The Target Story,,,,,,,False,,
Phil Knight Shoe Dog,Phil Knight,,,,,,False,,
Working Backwards,"Colin Bryar, Bill Carr",,,,,,False,,
The Spotify Plan,,,,,,,False,,
"The four: The Hidden DNA of Amazon, Apple, Facebook, and Google",,,,,,,False,,
For the Culture,Marcus Collins,,,,,,False,,
"It's Not What We Play, It's What We Are",,,,,,,False,,
Life after Google,,,,,,,False,,
The Airbnb Way,,,,,,,False,,
Naked Statistics,Charles Wheelan,,,,,,False,,
Weapons of Math Destruction,Cathy O'Neil,,,,,,False,,
All You Can Pay,"Anna Bernasek, D.T. Mongan",,,,,,False,,
The AI Edge,Blount Iannarino,,,,,,False,,
Tools and Weapons,"Brad Smith, Carol Ann Browne",,,,,,False,,
Analytics of Life,Mert Damlapinar,,,,,,False,,
How Charts Lie,Alberto Cairo,,,,,,False,,
Effective Data Storytelling,Dykes,,,,,,False,,
Fooled by Randomness,Nassim Nicholas Taleb,,,,,,False,,
The Data Detective,Tim Harford,,,,,,False,,
Small Data,Martin Lindstrom,,,,,,False,,
Superforecasting,Philip Tetlow,,,,,,False,,
Leading with AI and Analytics,,,,,,,False,,
The Data Science Handbook,,,,,,,False,,
Hello World: Being Human in The Age of Algorithms,Hannah Fry,,,,,,False,,
Predictably Irrational,Dan Ariely,,,,,,False,,
The Wisdom of Crowds,,,,,,,False,,
Ace the Data Science Interview,,,,,,,False,,
The 4 Disciplines of Execution,,,,,,,False,,
Extreme Ownership,,,,,,,False,,
Atomic Habits,James Clear,,,,,,False,,
Doesn't Hurt to Ask,Trey Gowdy,,,,,,False,,
High Performance Habits,Brendon Burchard,,,,,,False,,
The Startup of You,,,,,,,False,,
I Talk Like Ted,,,,,,,False,,
Simon Sinek Leaders Eat Last,Simon Sinek,,,,,,False,,
Scott Adams Win Bigly,Scott Adams,,,,,,False,,
How to Fail at Almost Everything and Still Win Big,,,,,,,False,,
What Every Body Is Saying,Joe Navarro,,,,,,False,,
So Good They Can't Ignore You,Cal Newport,,,,,,False,,
Never Split the Difference,Chris Voss,,,,,,False,,
The Obstacle Is the Way,Ryan Holiday,,,,,,False,,
The One Thing,,,,,,,False,,
Grit,Angela Duckworth,,,,,,False,,
The Power of Habit,,,,,,,False,,
The Secret Lives of Introverts,,,,,,,False,,
Rise and Grind,Daymond John,,,,,,False,,
Fifty Inventions That Shaped the Modern Economy,Tim Harford,,,,,,False,,
Good Strategy Bad Strategy,,,,,,,False,,
Side Hustle,Chris Guillebeau,,,,,,False,,
How to talk to anyone,,,,,,,False,,
The Long Game,Dorie Clark,,,,,,False,,
The Miracle Morning,Hal Elrod,,,,,,False,,
The Almanack of Naval Ravikant,Eric Jorgenson,,,,,,False,,
Allen Carr's Quit Drinking,Allen Carr,,,,,,False,,
The Subtle Art of Not Giving a F*ck,Mark Manson,,,,,,False,,
Brain Rules,John Medina,,,,,,False,,
Quiet,Susan Cain,,,,,,False,,
Deep Work,Cal Newport,,,,,,False,,
Digital Minimalism,Cal Newport,,,,,,False,,
Digital Body Language,Erica Dhawan,,,,,,False,,
Character Carved in Stone,,,,,,,False,,
The Defining Decade,,,,,,,False,,
The Power of Now,Eckhart Tolle,,,,,,False,,
Leading with Heart,Coach K,,,,,,False,,
Stillness Is the Key,Ryan Holiday,,,,,,False,,
Unfu*k yourself,,,,,,,False,,
The Happiness Advantage,Shawn Achor,,,,,,False,,
Quaterlife Crisis,,,,,,,False,,
The Energy Bus,Jon Gordon,,,,,,False,,
Think Like a Rocket Scientist,Ozan Varol,,,,,,False,,
The Alchemy of Air,Thomas Hager,,,,,,False,,
Irresistible,Adam Alter,,,,,,False,,
The Career Manifesto,Mike Steib,,,,,,False,,
The Lean Startup,Eric Ries,,,,,,False,,
Good Economics for Hard Times,,,,,,,False,,
So you have been publically shamed,,,,,,,False,,
Nudge,,,,,,,False,,
Winners Never Cheat,,,,,,,False,,
Expert Secrets,Russell Brunson,,,,,,False,,
Contagious,Jonah Berger,,,,,,False,,
Thinking in Bets,Annie Duke,,,,,,False,,
the signal and the noise,Nate Silver,,,,,,False,,
Five Stars The Communication Secrets from Good to Great,Carmine Gallo,,,,,,False,,
The 50th Law,50 Cent,,,,,,False,,
"Alchemy: The Dark Art in Brands, Business, and Life",Rory Sutherland,,,,,,False,,
MoneyZen,Manisha Thakor,,,,,,False,,
Tiny Experiments,Anne-Laure Le Cunff,,,,,,False,,
How to Break 90,,,,,,,False,,
Super Pumped,Mike Isaac,,,,,,False,,
Powerful,Patty McCord,,,,,,False,,
The Technological Republic,Alexander C. Karp,,,,,,False,,
The Consumer Insights Revolution,"Steve Phillips, Ryan Barry, Stephan Gans, Kate Schardt",,,,,,False,,
Filterworld,Kyle Chayka,,,,,,False,,
Revenge of the Tipping Point,Malcolm Gladwell,,,,,,False,,
The Alignment Problem,Brian Christian,,,,,,False,,
The Road Less Stupid,Keith J. Cunningham,,,,,,False,,
The StatQuest Illustrated Guide to Machine Learning,"Josh Starmer, PhD",,,,,,False,,
The Ten-Day MBA,Steven Silbiger,,,,,,False,,
"Humor, Seriously",,,,,,,False,,
Everything is Predictable,Tom Chivers,,,,,,False,,
Happier Hour,Cassie Holmes,,,,,,False,,
Indistractable,Nir Eyal,,,,,,False,,
The Mental Game,Dorie Donnelly,,,,,,False,,
Better Small Talk,,,,,,,False,,
Probably the Best Book On Statistics Ever Written,,,,,,,False,,
Why Machines learn,Anil Ananthaswamy,"machinelearning, math",,2025-01-05,2025,430,False,after Christmas,early jan
The Mental Game,Darrin Donnelly,"golf, mental",2025-01-05,2025-01-15,2025,251,False,early jan,mid jan
better small talk,Patrick King,"conversations, self help",2025-01-15,2025-01-15,2025,212,False,mid jan,mid jan
Bullshit Jobs,David Graeber,"jobs, work",2025-01-15,2025-02-05,2025,285,False,mid jan,early feb
The Science of Self-Learning,Peter Hollins,"learning, self help",2025-02-05,2025-02-05,2025,190,False,early feb,early feb
Zen Golf,Dr Joesph Parent,"golf, how to approach the game, mental",2025-02-05,2025-02-05,2025,199,False,early feb,early feb
Powerful: Building a Culture of Freedom and Responsibility,Patty McCord,"business, hr, netflix, teams",2025-02-05,2025-02-13,2025,148,False,early feb,13-Feb
Happier Hour,"Cassie Holmes, phD","self help, social science, time management",2025-02-14,2025-02-18,2025,240,False,14-Feb,18-Feb
The Fourth Turning,"William Strauss, Neil Howe","history, social science",2025-02-18,2025-03-05,2025,334,False,18-Feb,5-Mar
The Ten Day MBA,Steven Silbiger,"business, mba",2025-03-05,2025-03-19,2025,397,False,5-Mar,19-Mar
"Humor, Seriously","Jennifer Aaker, Naomi Bagdonas","business, self-help",2025-03-19,2025-03-26,2025,227,False,19-Mar,26-Mar
How the World Ran out of Everything,Peter S. Goodman,"business, global, supply chain",2025-03-31,2025-04-11,2025,352,False,31-Mar,11-Apr
The Great Game of Business,Jack Stack,business,2025-04-12,2025-04-20,2025,361,False,12-Apr,20-Apr-25
Super Pumped The Battle for Uber,Mike Issac,"business, story-telling, uber",2025-04-22,2025-05-03,2025,351,False,22-Apr,3-May
Probably the Best Book on Statistics Ever Written,Haim Shapira,"math, statistics",2025-05-04,2025-05-14,2025,272,False,4-May,14-May
"The Technological Republic - Hard Power, Soft Belief, and the Future of the West","Alexander C. Karp, Nicholas W. Zamiska","business, technology",2025-05-14,2025-05-22,2025,218,False,14-May,22-May
The Long Game: How to be a Long-Term Thinker in a Short-Term World,Dorie Clark,"business, life, self-help",2025-05-23,2025-05-30,2025,209,False,23-May,30-May
Everything is Predictable,Tom Chibers,stats,2025-06-02,2025-06-16,2025,336,False,2-Jun,6/16/25
"The AI Age - Save time, sell more, and crush the competition","Jeb Blount, Anthony Iannarino","ai, business, sales",2025-06-20,2025-06-22,2025,266,False,20-Jun,22-Jun
Tiny Experiments: How to live freely in a Goal-Obsessed World,Anne-Laure LeCunff,"business, pyschology, self-help",2025-06-23,2025-06-29,2025,237,False,23-Jun,29-Jun
Filterworld: How Algorithms Flattened Culture,Kyle Chayka,"data, recommendation, technology",2025-07-07,2025-07-24,2025,280,False,7-Jul,24-Jul
"Revenge of the Tipping Point: Overstories, Superspreaders, and the Rise of Social Engineering",Malcolm Gladwell,"pyschology, social",2025-07-25,2025-07-31,2025,304,False,25-Jul,31-Jul
How to Break 90:  An Easy step by step Approach for breaking Golfs Toughest Scoring Barrier,"T.J Tomasi, Mike Adams","golf, sports",2025-08-03,2025-08-08,2025,181,False,3-Aug,8-Aug
The Alignment Problem: Machibe Learning and Human Values,Brian Christian,machine learning,2025-08-10,2025-08-28,2025,329,False,10-Aug,28-Aug
The Culting of Brands,Douglas Atkin,"business, marketing",2025-09-01,2025-09-10,2025,204,False,1-Sep,10-Sep
Corporate Finance ASAP,John Cousins,"business, finance",2025-09-11,2025-09-16,2025,158,False,11-Sep,16-Sep
The Dichotomy of Leadership,"Jocko Willink, Leif Babin","business, leadership, life",2025-09-17,2025-09-26,2025,285,False,17-Sep,26-Sep
The Consumer Insights Revolution,"Steve Phillips, Ryan Barry, Stephan Gans,, Kate Schardt","analytics, data, marketing",2025-09-27,2025-10-03,2025,189,False,27-Sep,3-Oct
Against the Gods: The Remarkable Story of Risk,Peter L. Bernstein,"finance, risk",2025-10-04,2025-10-21,2025,338,False,4-Oct,21-Oct
The Road Less Stupid: Advice from the Chairman,Keith J. Cunningham,"business, life, mistakes",2025-10-22,2025-10-31,2025,265,False,22-Oct,31-Oct
The Anxious Generation,Jonathan Haidt,pyschology,2025-11-01,2025-11-20,2025,289,False,1-Nov,20-Nov
How Not to Invest,Barry Ritholtz,"finance, investing",2025-11-22,2025-12-09,2025,447,False,22-Nov,9-Dec
Slow Productivity,Cal Newport,"productivity, self-help",2025-12-12,2025-12-24,2025,219,False,12-Dec,24-Dec
Skunk Works,Ben R. Rich,"military, true story",2025-12-25,2025-12-31,2025,343,False,25-Dec,31-Dec
Can't Hurt Me,David Goggins,"miltary, psychology, self-help",2026-01-02,2026-01-11,2026,356,False,2-Jan,11-Jan
StatQuest: Illistrated Guide to Machine Learning,Josh Starmer,"data science, machine learning",2026-01-12,2026-01-19,2026,270,False,12-Jan,19-Jan
"The AI-Driven Leader: Hanressing AI to Make Faster, Smarter Decisions",Geoff Woods,"ai, business",2026-01-19,2026-01-25,2026,267,False,19-Jan,25-Jan
Data Strategy,Bernard Marr,"ai, business, data, strategy",2026-01-26,2026-02-06,2026,244,False,26-Jan,6-Feb
Overwork Transforming the Daily Grind in the Quest for a Better Life,Brigid Schulte,"self-help, time management, work",2026-02-07,2026-02-17,2026,291,False,7-Feb,17-Feb
The 48 Laws of Power,Robert Greene,self-help,2026-02-18,2026-03-08,2026,430,False,18-Feb,8-Mar
Golf Beneath the Surface: The New Science of Golf Psychology,Raymond Prior,"golf, psychology",2026-03-09,2026-03-19,2026,235,False,9-Mar,19-Mar
The Supply Chain Revolution,Suman Sarkar,"business, supply chain",2026-03-20,2026-03-29,2026,209,False,20-Mar,29-Mar
The Master Algorithm,Pedro Domingos,machine learning,2026-04-12,2026-04-21,2026,289,False,12-Apr,21-Apr
the Untethered Soul:  the journey beyond yourself,Michael Singer,"self-help, spiritual",2026-04-22,2026-04-30,2026,181,False,22-Apr,30-Apr
No More Mr Nice Guy,Robert Glover,"men, self-help",2026-05-02,2026-05-07,2026,204,False,2-May,7-May
Chip War - The Fight for the World's  Most Critica; Technology,Chris Miller,"history, informational, tech",2026-05-08,2026-05-22,2026,364,False,8-May,22-May
Making it In America: The Almost Impssible Quest to Manufacature in the USA,Rachel Slade,"history, information, manufacturing",2026-05-23,2026-06-01,2026,292,False,23-May,1-Jun
Reset: How to Change What's Not Working,Dan Heath,"business, self-help",2026-06-02,2026-06-11,2026,231,False,2-Jun,11-Jun
The Unconguerable Game My Life in Golf and Business,Ely Callaway,"biography, business, golf",2026-06-12,2026-06-24,2026,281,False,12-Jun,24-Jun
Broken Supply Chains,Jeff Leimbach,"business, supply chain",2026-06-25,2026-06-30,2026,208,False,25-Jun,30-Jun
Endurance: Shackletons Incresible Voyage,Alfred Lansing,story,2026-07-02,2026-07-09,2026,353,False,2-Jul,9-Jul
Essentialism The Disciplined Pursuit of Less,Greg McKeown,"life, mindset, self help",2026-07-10,2026-07-19,2026,261,False,10-Jul,19-Jul
How to Tell A Story,Many Authors,"self help, story",2026-07-22,2026-08-05,2026,282,False,22-Jul,5-Aug
Secrets of Analytical Leaders,Wayne Eckerson,"analytics, data",2026-08-06,2026-08-14,2026,237,False,6-Aug,14-Aug
The Misbehaveior of Markets,"Benoit Mandelbrot, Richard Hudson","econ, finance",2026-08-16,2026-09-06,2026,276,False,16-Aug,6-Sept
Fortune's Formula,William Poundstone,"finance, stats",2026-09-07,,2026,329,False,7-Sept,
Cancel Me if you Can,Dave Portnoy,biography,,,2026,,True,,
Inside the Box: How Constraints Make Us Better,David Epstein,business. life,,,2026,,True,,
