title,subtitle,authors,description,similarity,matched_terms,matched_subjects
Data Science and Big Data Analytics,,EMC Education Services,"Data Science and Big Data Analytics is about harnessing the power of data for new insights. The book covers the breadth of activities and methods and tools that Data Scientists use. The content focuses on concepts, principles and practical...",0.39826724543737463,"['data', 'business', 'science', 'story']",['Books']
Databases for Small Business,,Anna Manning,"This book covers the practical aspects of database design, data cleansing, data analysis, and data protection, among others. The focus is on what you really need to know to create the right database for your small business and to leverage...",0.3745085074997322,"['data', 'business', 'use', 'small']",['Books']
Microsoft Excel 2019 Data Analysis and Business Modeling,,Wayne Winston,"Master business modeling and analysis techniques with Microsoft Excel 2019 and Office 365 and transform data into bottom-line results. Written by award-winning educator Wayne Winston, this hands-on, scenario-focused guide helps you use...",0.3579244760989124,"['data', 'business', 'use', 'master']",['Books']
Business Intelligence Guidebook,,Rick Sherman,"Between the high-level concepts of business intelligence and the nitty-gritty instructions for using vendors' tools lies the essential, yet poorly-understood layer of architecture, design and process. Without this knowledge, Big Data is...",0.3559722900547502,"['data', 'business', 'knowledge', 'design']",['Books']
Storytelling with Data,A Data Visualization Guide for Business Professionals,Cole Nussbaumer Knaflic,"**Don't simply show your data—tell a story with it!**

*Storytelling with Data* teaches you the fundamentals of data visualization and how to communicate effectively with data. You'll discover the power of storytelling and the way to...",0.33833856023772374,"['data', 'story', 'make', 'use']",['Nonfiction']
Data science from scratch,,Joel Grus,"Data science libraries, frameworks, modules, and toolkits are great for doing data science, but they’re also a good way to dive into the discipline without actually understanding data science. With this updated second edition, you’ll learn...",0.2947558266672759,"['data', 'science', 'work', 'need']",['Books']
Data and Goliath,,Bruce Schneier,"A primarily U.S.-centric view of the who, what and why of massive data surveillance at the time of the book's publication (2015).",0.2854250785528139,"['data', 'time']",[]
Statistics for business and economics,,"James T. McClave, P. George Benson, Terry L. Sincich","""Statistics for Business and Economics, 7/e, is the tool students need to help them become informed business decision makers in the twenty-first century. Important statistical ideas and techniques are presented within the context of...",0.2689568775702551,"['business', 'data', 'need', 'techniques']",[]
Data Science for Business,,"Foster Provost, Tom Fawcett","Provides an introduction to the fundamental principles of data science, walking the reader through the ""data-analytic thinking"" necessary for extracting useful knowledge and business value from collected data.",0.23215006323235388,"['data', 'business', 'science', 'knowledge']",[]
Shoe Dog,A Memoir by the Creator of Nike,Phil Knight,"""In this candid and riveting memoir, for the first time ever, Nike founder and CEO Phil Knight shares the inside story of the company's early days as an intrepid start-up and its evolution into one of the world's most iconic,...",0.20629374772967138,"['business', 'story', 'time', 'world']",['History']
